ขั้นตอน,จำนวนแถวที่กระทบ,การตัดสินใจ
1. ลบแถวซ้ำทุกคอลัมน์,265,ลบ (เก็บแถวแรกไว้) · ไม่ใช้ order_id เพราะ 1 บิลมีหลายแถว
2a. datetime ISO ปี พ.ศ.,628,แปลงเป็น ค.ศ. (ลบ 543)
2b. datetime DD/MM/YYYY ปี ค.ศ.,521,แปลงเป็น ISO · วัน/เดือนตามลำดับเดิม · วินาที = 00
2c. datetime DD/MM/YYYY ปี พ.ศ.,9,แปลงเป็น ISO + ลบ 543 · วินาที = 00
3. ชื่อสาขาไม่มาตรฐาน,1061,strip ช่องว่าง แล้ว map เป็น 5 ชื่อมาตรฐาน
4a. unit_price มีคำว่า 'บาท',60,ตัดคำว่า บาท แล้วแปลงเป็นตัวเลข
4b. unit_price ติดลบ,25,แปลงเป็นบวก · ฝ่ายบัญชียืนยันว่าไม่มีการคืนเงิน = พิมพ์ผิด
5. qty = 0,20,ลบ · เป็นบิลที่ยกเลิก
6. product_id ว่าง,15,ลบ · เดาสินค้าจากราคาไม่ได้แน่นอน
7. แถวซ้ำหลังแปลงรูปแบบ,0,ลบ (ตรวจซ้ำอีกรอบ)
